appointment_id,room_id,worker_id,patient_id,procedure_id,start_time,end_time,status,notes
1,1,2,1,1,2024-11-01 09:00:00,2024-11-01 09:30:00,completed,Patient complains of headache
2,2,4,2,2,2024-11-01 10:00:00,2024-11-01 10:45:00,completed,Initial examination conducted
3,5,11,3,15,2024-11-02 11:00:00,2024-11-02 11:45:00,completed,Routine cleaning
4,6,12,4,10,2024-11-02 12:00:00,2024-11-02 12:15:00,completed,Flu shot administered
5,8,14,5,34,2024-11-03 09:30:00,2024-11-03 10:00:00,completed,Cardio checkup
6,10,16,6,5,2024-11-03 14:00:00,2024-11-03 14:20:00,completed,X-Ray chest clear
7,12,24,7,30,2024-11-04 10:00:00,2024-11-04 11:00:00,cancelled,Patient rescheduled
8,15,27,8,4,2024-11-04 08:30:00,2024-11-04 08:45:00,completed,Blood sample taken
9,18,31,9,48,2024-11-05 09:00:00,2024-11-05 10:00:00,completed,Endoscopy performed successfully
10,20,35,10,36,2024-11-05 15:00:00,2024-11-05 15:30:00,completed,Annual exam
11,22,39,11,71,2024-11-06 11:00:00,2024-11-06 11:45:00,completed,Back therapy session 1
12,25,42,12,20,2024-11-06 13:00:00,2024-11-06 13:30:00,completed,Biopsy sample sent to lab
13,27,46,13,63,2024-11-07 09:00:00,2024-11-07 09:45:00,completed,Echocardiogram normal
14,30,49,14,3,2024-11-07 16:00:00,2024-11-07 16:20:00,completed,Follow-up on medication
15,33,53,15,107,2024-11-08 08:00:00,2024-11-08 09:00:00,completed,Surgery successful
16,35,56,16,8,2024-11-08 14:30:00,2024-11-08 15:00:00,completed,Thyroid ultrasound
17,37,60,17,119,2024-11-09 10:00:00,2024-11-09 13:00:00,completed,Knee replacement right leg
18,39,64,18,35,2024-11-09 15:00:00,2024-11-09 15:30:00,cancelled,Doctor unavailable
19,42,66,19,40,2024-11-10 09:00:00,2024-11-10 09:10:00,completed,BP normal
20,44,71,20,148,2024-11-10 22:00:00,2024-11-10 23:00:00,completed,Emergency admitted
21,46,74,21,12,2024-11-11 11:00:00,2024-11-11 11:45:00,completed,Stress test completed
22,48,78,22,50,2024-11-11 14:00:00,2024-11-11 14:45:00,completed,Cystoscopy diagnostic
23,50,82,23,17,2024-11-12 10:00:00,2024-11-12 11:30:00,completed,Root canal tooth 24
24,53,85,24,25,2024-11-12 15:30:00,2024-11-12 16:00:00,completed,Routine screening
25,55,89,25,126,2024-11-13 12:00:00,2024-11-13 13:00:00,completed,Acute appendicitis
26,58,92,26,74,2024-11-13 16:00:00,2024-11-13 17:00:00,completed,Massage therapy
27,60,95,27,95,2024-11-14 11:00:00,2024-11-14 11:30:00,completed,Acne consult
28,62,99,28,42,2024-11-14 09:00:00,2024-11-14 09:15:00,completed,Cholesterol high
29,65,102,29,149,2024-11-15 02:00:00,2024-11-15 04:00:00,completed,Car accident trauma
30,67,106,30,86,2024-11-15 14:00:00,2024-11-15 15:00:00,completed,Family planning
31,70,109,31,105,2024-11-16 10:00:00,2024-11-16 10:30:00,completed,Nasal check
32,72,112,32,143,2024-11-16 11:00:00,2024-11-16 11:15:00,completed,Prescription refill
33,74,115,33,31,2024-11-17 13:00:00,2024-11-17 14:00:00,completed,Anxiety evaluation
34,77,119,34,32,2024-11-17 15:00:00,2024-11-17 15:45:00,completed,Headache follow-up
35,79,122,35,145,2024-11-18 10:00:00,2024-11-18 11:00:00,completed,Home visit elderly
36,81,125,36,37,2024-11-18 16:00:00,2024-11-18 16:30:00,completed,Kidney stone check
37,84,129,37,114,2024-11-19 09:00:00,2024-11-19 09:30:00,completed,LASIK both eyes
38,86,131,38,103,2024-11-19 14:00:00,2024-11-19 14:30:00,completed,Hearing loss test
39,89,135,39,94,2024-11-20 11:00:00,2024-11-20 11:20:00,completed,Mole removed back
40,91,138,40,65,2024-11-20 13:00:00,2024-11-20 14:30:00,completed,Angiography cardiac
41,94,141,41,29,2024-11-21 10:00:00,2024-11-21 11:00:00,completed,Diet plan discussion
42,96,145,42,96,2024-11-21 15:00:00,2024-11-21 15:30:00,completed,Botox forehead
43,99,148,43,142,2024-11-22 09:00:00,2024-11-22 09:30:00,completed,Requested records
44,101,2,44,1,2024-11-22 14:00:00,2024-11-22 14:30:00,completed,Routine checkup
45,103,4,45,2,2024-11-23 10:00:00,2024-11-23 10:45:00,completed,New patient
46,106,11,46,15,2024-11-23 12:00:00,2024-11-23 12:45:00,completed,Teeth cleaning
47,108,12,47,10,2024-11-24 11:00:00,2024-11-24 11:15:00,completed,Flu vaccine
48,110,14,48,34,2024-11-24 15:00:00,2024-11-24 15:30:00,completed,Heart palpitations
49,113,16,49,5,2024-11-25 09:00:00,2024-11-25 09:20:00,completed,Chest pain
50,115,24,50,30,2024-11-25 14:00:00,2024-11-25 15:00:00,completed,Depression symptoms
51,118,27,51,4,2024-11-26 08:00:00,2024-11-26 08:15:00,completed,Lab work
52,120,31,52,48,2024-11-26 10:00:00,2024-11-26 11:00:00,completed,Stomach pain
53,123,35,53,36,2024-11-27 11:00:00,2024-11-27 11:30:00,completed,Pap smear
54,125,39,54,71,2024-11-27 15:00:00,2024-11-27 15:45:00,completed,Physio session 2
55,128,42,55,20,2024-11-28 13:00:00,2024-11-28 13:30:00,completed,Skin lesion
56,130,46,56,63,2024-11-28 16:00:00,2024-11-28 16:45:00,completed,Heart check
57,133,49,57,3,2024-11-29 09:30:00,2024-11-29 09:50:00,completed,Post-op check
58,135,53,58,107,2024-11-29 11:00:00,2024-11-29 12:00:00,completed,Tonsils removal
59,138,56,59,8,2024-11-30 10:00:00,2024-11-30 10:30:00,completed,Neck swelling
60,140,60,60,119,2024-11-30 13:00:00,2024-11-30 16:00:00,completed,Surgery scheduled
61,143,64,61,35,2024-12-01 10:00:00,2024-12-01 10:30:00,completed,Rash on arm
62,145,66,62,40,2024-12-01 11:00:00,2024-12-01 11:10:00,completed,Hypertension
63,148,71,63,148,2024-12-02 20:00:00,2024-12-02 21:00:00,completed,Severe fever
64,150,74,64,12,2024-12-02 14:00:00,2024-12-02 14:45:00,completed,Treadmill test
65,1,78,65,50,2024-12-03 09:00:00,2024-12-03 09:45:00,completed,Bladder check
66,4,82,66,17,2024-12-03 11:00:00,2024-12-03 12:30:00,completed,Tooth pain
67,7,85,67,25,2024-12-04 15:00:00,2024-12-04 15:30:00,completed,Routine mammo
68,10,89,68,126,2024-12-04 10:00:00,2024-12-04 11:00:00,completed,Abdominal pain
69,13,92,69,74,2024-12-05 16:00:00,2024-12-05 17:00:00,completed,Back pain
70,16,95,70,95,2024-12-05 13:00:00,2024-12-05 13:30:00,completed,Face acne
71,19,99,71,42,2024-12-06 09:00:00,2024-12-06 09:15:00,completed,Lipid profile
72,22,102,72,149,2024-12-06 03:00:00,2024-12-06 05:00:00,completed,Fall from height
73,25,106,73,86,2024-12-07 11:00:00,2024-12-07 12:00:00,completed,Genetics consult
74,28,109,74,105,2024-12-07 10:00:00,2024-12-07 10:30:00,completed,Sinusitis
75,31,112,75,143,2024-12-08 12:00:00,2024-12-08 12:15:00,completed,Meds renewal
76,34,115,76,31,2024-12-08 14:00:00,2024-12-08 15:00:00,completed,Panic attacks
77,37,119,77,32,2024-12-09 09:00:00,2024-12-09 09:45:00,completed,Migraine
78,40,122,78,145,2024-12-09 11:00:00,2024-12-09 12:00:00,completed,Home visit flu
79,43,125,79,37,2024-12-10 15:00:00,2024-12-10 15:30:00,completed,Urinary infection
80,46,129,80,114,2024-12-10 10:00:00,2024-12-10 10:30:00,completed,Vision correction
81,49,131,81,103,2024-12-11 14:00:00,2024-12-11 14:30:00,completed,Audiology test
82,52,135,82,94,2024-12-11 16:00:00,2024-12-11 16:20:00,completed,Wart removal
83,55,138,83,65,2024-12-12 11:00:00,2024-12-12 12:30:00,completed,Vessel check
84,58,141,84,29,2024-12-12 10:00:00,2024-12-12 11:00:00,completed,Obesity consult
85,61,145,85,96,2024-12-13 13:00:00,2024-12-13 13:30:00,completed,Cosmetic inj
86,64,148,86,142,2024-12-13 09:00:00,2024-12-13 09:30:00,completed,Copy of labs
87,67,2,87,1,2024-12-14 10:00:00,2024-12-14 10:30:00,completed,General health
88,70,4,88,2,2024-12-14 11:00:00,2024-12-14 11:45:00,completed,Physical exam
89,73,11,89,15,2024-12-15 12:00:00,2024-12-15 12:45:00,completed,Dental check
90,76,12,90,10,2024-12-15 15:00:00,2024-12-15 15:15:00,completed,Vaccine
91,79,14,91,34,2024-12-16 09:00:00,2024-12-16 09:30:00,completed,Heart beat fast
92,82,16,92,5,2024-12-16 14:00:00,2024-12-16 14:20:00,completed,Cough check
93,85,24,93,30,2024-12-17 11:00:00,2024-12-17 12:00:00,completed,Therapy
94,88,27,94,4,2024-12-17 08:30:00,2024-12-17 08:45:00,completed,Blood draw
95,91,31,95,48,2024-12-18 09:00:00,2024-12-18 10:00:00,completed,Gastric issue
96,94,35,96,36,2024-12-18 15:00:00,2024-12-18 15:30:00,completed,Female exam
97,97,39,97,71,2024-12-19 13:00:00,2024-12-19 13:45:00,completed,Shoulder pain
98,100,42,98,20,2024-12-19 10:00:00,2024-12-19 10:30:00,completed,Derm check
99,103,46,99,63,2024-12-20 09:00:00,2024-12-20 09:45:00,completed,Valve check
100,106,49,100,3,2024-12-20 16:00:00,2024-12-20 16:20:00,completed,Suture check
101,109,53,101,107,2024-12-21 08:00:00,2024-12-21 09:00:00,completed,ENT surgery
102,112,56,102,8,2024-12-21 14:00:00,2024-12-21 14:30:00,completed,Goiter check
103,115,60,103,119,2024-12-22 10:00:00,2024-12-22 13:00:00,completed,Joint replacement
104,118,64,104,35,2024-12-22 15:00:00,2024-12-22 15:30:00,completed,Eczema flare
105,121,66,105,40,2024-12-23 09:00:00,2024-12-23 09:10:00,completed,Pressure check
106,124,71,106,148,2024-12-23 21:00:00,2024-12-23 22:00:00,completed,Food poisoning
107,127,74,107,12,2024-12-24 11:00:00,2024-12-24 11:45:00,completed,Chest tightness
108,130,78,108,50,2024-12-24 14:00:00,2024-12-24 14:45:00,completed,Urology check
109,133,82,109,17,2024-12-25 10:00:00,2024-12-25 11:30:00,cancelled,Holiday
110,136,85,110,25,2024-12-25 15:00:00,2024-12-25 15:30:00,cancelled,Holiday
111,139,89,111,126,2024-12-26 12:00:00,2024-12-26 13:00:00,completed,Emergency surgery
112,142,92,112,74,2024-12-26 16:00:00,2024-12-26 17:00:00,completed,Muscle spasm
113,145,95,113,95,2024-12-27 11:00:00,2024-12-27 11:30:00,completed,Skin care
114,148,99,114,42,2024-12-27 09:00:00,2024-12-27 09:15:00,completed,Blood fats
115,1,102,115,149,2024-12-28 04:00:00,2024-12-28 06:00:00,completed,Night trauma
116,4,106,116,86,2024-12-28 14:00:00,2024-12-28 15:00:00,completed,DNA test
117,7,109,117,105,2024-12-29 10:00:00,2024-12-29 10:30:00,completed,Blocked nose
118,10,112,118,143,2024-12-29 11:00:00,2024-12-29 11:15:00,completed,Script refill
119,13,115,119,31,2024-12-30 13:00:00,2024-12-30 14:00:00,completed,Depression
120,16,119,120,32,2024-12-30 15:00:00,2024-12-30 15:45:00,completed,Neuro check
121,19,122,121,145,2024-12-31 10:00:00,2024-12-31 11:00:00,completed,Home visit
122,22,125,122,37,2024-12-31 16:00:00,2024-12-31 16:30:00,completed,Kidney pain
123,25,129,123,114,2025-01-01 10:00:00,2025-01-01 10:30:00,scheduled,LASIK
124,28,131,124,103,2025-01-01 14:00:00,2025-01-01 14:30:00,scheduled,Hearing aid
125,31,135,125,94,2025-01-02 11:00:00,2025-01-02 11:20:00,scheduled,Mole check
126,34,138,126,65,2025-01-02 13:00:00,2025-01-02 14:30:00,scheduled,Angio
127,37,141,127,29,2025-01-03 10:00:00,2025-01-03 11:00:00,scheduled,Nutrition
128,40,145,128,96,2025-01-03 15:00:00,2025-01-03 15:30:00,scheduled,Botox
129,43,148,129,142,2025-01-04 09:00:00,2025-01-04 09:30:00,scheduled,Records
130,46,2,130,1,2025-01-04 14:00:00,2025-01-04 14:30:00,scheduled,Consult
131,49,4,131,2,2025-01-05 10:00:00,2025-01-05 10:45:00,scheduled,Exam
132,52,11,132,15,2025-01-05 12:00:00,2025-01-05 12:45:00,scheduled,Cleaning
133,55,12,133,10,2025-01-06 11:00:00,2025-01-06 11:15:00,scheduled,Flu shot
134,58,14,134,34,2025-01-06 15:00:00,2025-01-06 15:30:00,scheduled,Heart check
135,61,16,135,5,2025-01-07 09:00:00,2025-01-07 09:20:00,scheduled,Xray
136,64,24,136,30,2025-01-07 14:00:00,2025-01-07 15:00:00,scheduled,Counseling
137,67,27,137,4,2025-01-08 08:00:00,2025-01-08 08:15:00,scheduled,Blood
138,70,31,138,48,2025-01-08 10:00:00,2025-01-08 11:00:00,scheduled,Scope
139,73,35,139,36,2025-01-09 11:00:00,2025-01-09 11:30:00,scheduled,Gyn
140,76,39,140,71,2025-01-09 15:00:00,2025-01-09 15:45:00,scheduled,Back
141,79,42,141,20,2025-01-10 13:00:00,2025-01-10 13:30:00,scheduled,Biopsy
142,82,46,142,63,2025-01-10 16:00:00,2025-01-10 16:45:00,scheduled,Echo
143,85,49,143,3,2025-01-11 09:30:00,2025-01-11 09:50:00,scheduled,Followup
144,88,53,144,107,2025-01-11 11:00:00,2025-01-11 12:00:00,scheduled,Surgery
145,91,56,145,8,2025-01-12 10:00:00,2025-01-12 10:30:00,scheduled,Ultra
146,94,60,146,119,2025-01-12 13:00:00,2025-01-12 16:00:00,scheduled,Ortho
147,97,64,147,35,2025-01-13 10:00:00,2025-01-13 10:30:00,scheduled,Skin
148,100,66,148,40,2025-01-13 11:00:00,2025-01-13 11:10:00,scheduled,BP
149,103,71,149,148,2025-01-14 20:00:00,2025-01-14 21:00:00,scheduled,ER
150,106,74,150,12,2025-01-14 14:00:00,2025-01-14 14:45:00,scheduled,Stress